-- phpMyAdmin SQL Dump
-- version 4.8.5
-- https://www.phpmyadmin.net/
--
-- Host: 127.0.0.1:8111
-- Generation Time: Jan 01, 2023 at 02:19 PM
-- Server version: 10.1.38-MariaDB
-- PHP Version: 7.3.2

SET SQL_MODE = "NO_AUTO_VALUE_ON_ZERO";
SET AUTOCOMMIT = 0;
START TRANSACTION;
SET time_zone = "+00:00";


/*!40101 SET @OLD_CHARACTER_SET_CLIENT=@@CHARACTER_SET_CLIENT */;
/*!40101 SET @OLD_CHARACTER_SET_RESULTS=@@CHARACTER_SET_RESULTS */;
/*!40101 SET @OLD_COLLATION_CONNECTION=@@COLLATION_CONNECTION */;
/*!40101 SET NAMES utf8mb4 */;

--
-- Database: `porseshname`
--

-- --------------------------------------------------------

--
-- Table structure for table `answers`
--

CREATE TABLE `answers` (
  `ans_id` int(11) NOT NULL,
  `ans_userid` int(11) NOT NULL,
  `ans_qus1` int(11) NOT NULL,
  `ans_qus2` tinyint(1) NOT NULL DEFAULT '0' COMMENT '0:not answer,1:answered',
  `ans_qus3` text COLLATE utf8_persian_ci NOT NULL
) ENGINE=InnoDB DEFAULT CHARSET=utf8 COLLATE=utf8_persian_ci;

--
-- Dumping data for table `answers`
--

INSERT INTO `answers` (`ans_id`, `ans_userid`, `ans_qus1`, `ans_qus2`, `ans_qus3`) VALUES
(1, 1, 1, 1, 'dx'),
(2, 2, 3, 1, 'sa'),
(3, 3, 2, 1, 'sda');

-- --------------------------------------------------------

--
-- Table structure for table `answers_qus2`
--

CREATE TABLE `answers_qus2` (
  `anq_id` int(11) NOT NULL,
  `anq_userid` int(11) NOT NULL,
  `anq_sportid` int(1) NOT NULL
) ENGINE=InnoDB DEFAULT CHARSET=utf8 COLLATE=utf8_persian_ci;

--
-- Dumping data for table `answers_qus2`
--

INSERT INTO `answers_qus2` (`anq_id`, `anq_userid`, `anq_sportid`) VALUES
(1, 1, 2),
(2, 1, 3),
(3, 1, 4),
(4, 2, 3),
(5, 3, 8);

-- --------------------------------------------------------

--
-- Table structure for table `city`
--

CREATE TABLE `city` (
  `cit_id` int(11) NOT NULL,
  `cit_provinceid` int(11) NOT NULL,
  `cit_name` varchar(300) COLLATE utf8_persian_ci NOT NULL
) ENGINE=InnoDB DEFAULT CHARSET=utf8 COLLATE=utf8_persian_ci;

--
-- Dumping data for table `city`
--

INSERT INTO `city` (`cit_id`, `cit_provinceid`, `cit_name`) VALUES
(1, 1, 'تبريز'),
(2, 1, 'كندوان'),
(3, 1, 'بندر شرفخانه'),
(4, 1, 'مراغه'),
(5, 1, 'ميانه'),
(6, 1, 'شبستر'),
(7, 1, 'مرند'),
(8, 1, 'جلفا'),
(9, 1, 'سراب'),
(10, 1, 'هاديشهر'),
(11, 1, 'بناب'),
(12, 1, 'كليبر'),
(13, 1, 'تسوج'),
(14, 1, 'اهر'),
(15, 1, 'هريس'),
(16, 1, 'عجبشير'),
(17, 1, 'هشترود'),
(18, 1, 'ملكان'),
(19, 1, 'بستان آباد'),
(20, 1, 'ورزقان'),
(21, 1, 'اسكو'),
(22, 1, 'آذر شهر'),
(23, 1, 'قره آغاج'),
(24, 1, 'ممقان'),
(25, 1, 'صوفیان'),
(26, 1, 'ایلخچی'),
(27, 1, 'خسروشهر'),
(28, 1, 'باسمنج'),
(29, 1, 'سهند'),
(30, 2, 'اروميه'),
(31, 2, 'نقده'),
(32, 2, 'ماكو'),
(33, 2, 'تكاب'),
(34, 2, 'خوي'),
(35, 2, 'مهاباد'),
(36, 2, 'سر دشت'),
(37, 2, 'چالدران'),
(38, 2, 'بوكان'),
(39, 2, 'مياندوآب'),
(40, 2, 'سلماس'),
(41, 2, 'شاهين دژ'),
(42, 2, 'پيرانشهر'),
(43, 2, 'سيه چشمه'),
(44, 2, 'اشنويه'),
(45, 2, 'چایپاره'),
(46, 2, 'پلدشت'),
(47, 2, 'شوط'),
(48, 3, 'اردبيل'),
(49, 3, 'سرعين'),
(50, 3, 'بيله سوار'),
(51, 3, 'پارس آباد'),
(52, 3, 'خلخال'),
(53, 3, 'مشگين شهر'),
(54, 3, 'مغان'),
(55, 3, 'نمين'),
(56, 3, 'نير'),
(57, 3, 'كوثر'),
(58, 3, 'كيوي'),
(59, 3, 'گرمي'),
(60, 4, 'اصفهان'),
(61, 4, 'فريدن'),
(62, 4, 'فريدون شهر'),
(63, 4, 'فلاورجان'),
(64, 4, 'گلپايگان'),
(65, 4, 'دهاقان'),
(66, 4, 'نطنز'),
(67, 4, 'نايين'),
(68, 4, 'تيران'),
(69, 4, 'كاشان'),
(70, 4, 'فولاد شهر'),
(71, 4, 'اردستان'),
(72, 4, 'سميرم'),
(73, 4, 'درچه'),
(74, 4, 'کوهپایه'),
(75, 4, 'مباركه'),
(76, 4, 'شهرضا'),
(77, 4, 'خميني شهر'),
(78, 4, 'شاهين شهر'),
(79, 4, 'نجف آباد'),
(80, 4, 'دولت آباد'),
(81, 4, 'زرين شهر'),
(82, 4, 'آران و بيدگل'),
(83, 4, 'باغ بهادران'),
(84, 4, 'خوانسار'),
(85, 4, 'مهردشت'),
(86, 4, 'علويجه'),
(87, 4, 'عسگران'),
(88, 4, 'نهضت آباد'),
(89, 4, 'حاجي آباد'),
(90, 4, 'تودشک'),
(91, 4, 'ورزنه'),
(92, 5, 'ايلام'),
(93, 5, 'مهران'),
(94, 5, 'دهلران'),
(95, 5, 'آبدانان'),
(96, 5, 'شيروان چرداول'),
(97, 5, 'دره شهر'),
(98, 5, 'ايوان'),
(99, 5, 'سرابله'),
(100, 6, 'بوشهر'),
(101, 6, 'تنگستان'),
(102, 6, 'دشتستان'),
(103, 6, 'دير'),
(104, 6, 'ديلم'),
(105, 6, 'كنگان'),
(106, 6, 'گناوه'),
(107, 6, 'ريشهر'),
(108, 6, 'دشتي'),
(109, 6, 'خورموج'),
(110, 6, 'اهرم'),
(111, 6, 'برازجان'),
(112, 6, 'خارك'),
(113, 6, 'جم'),
(114, 6, 'کاکی'),
(115, 6, 'عسلویه'),
(116, 6, 'بردخون'),
(117, 7, 'تهران'),
(118, 7, 'ورامين'),
(119, 7, 'فيروزكوه'),
(120, 7, 'ري'),
(121, 7, 'دماوند'),
(122, 7, 'اسلامشهر'),
(123, 7, 'رودهن'),
(124, 7, 'لواسان'),
(125, 7, 'بومهن'),
(126, 7, 'تجريش'),
(127, 7, 'فشم'),
(128, 7, 'كهريزك'),
(129, 7, 'پاكدشت'),
(130, 7, 'چهاردانگه'),
(131, 7, 'شريف آباد'),
(132, 7, 'قرچك'),
(133, 7, 'باقرشهر'),
(134, 7, 'شهريار'),
(135, 7, 'رباط كريم'),
(136, 7, 'قدس'),
(137, 7, 'ملارد'),
(138, 8, 'شهركرد'),
(139, 8, 'فارسان'),
(140, 8, 'بروجن'),
(141, 8, 'چلگرد'),
(142, 8, 'اردل'),
(143, 8, 'لردگان'),
(144, 8, 'سامان'),
(145, 9, 'قائن'),
(146, 9, 'فردوس'),
(147, 9, 'بيرجند'),
(148, 9, 'نهبندان'),
(149, 9, 'سربيشه'),
(150, 9, 'طبس مسینا'),
(151, 9, 'قهستان'),
(152, 9, 'درمیان'),
(153, 10, 'مشهد'),
(154, 10, 'نيشابور'),
(155, 10, 'سبزوار'),
(156, 10, 'كاشمر'),
(157, 10, 'گناباد'),
(158, 10, 'طبس'),
(159, 10, 'تربت حيدريه'),
(160, 10, 'خواف'),
(161, 10, 'تربت جام'),
(162, 10, 'تايباد'),
(163, 10, 'قوچان'),
(164, 10, 'سرخس'),
(165, 10, 'بردسكن'),
(166, 10, 'فريمان'),
(167, 10, 'چناران'),
(168, 10, 'درگز'),
(169, 10, 'كلات'),
(170, 10, 'طرقبه'),
(171, 10, 'سر ولایت'),
(172, 11, 'بجنورد'),
(173, 11, 'اسفراين'),
(174, 11, 'جاجرم'),
(175, 11, 'شيروان'),
(176, 11, 'آشخانه'),
(177, 11, 'گرمه'),
(178, 11, 'ساروج'),
(179, 12, 'اهواز'),
(180, 12, 'ايرانشهر'),
(181, 12, 'شوش'),
(182, 12, 'آبادان'),
(183, 12, 'خرمشهر'),
(184, 12, 'مسجد سليمان'),
(185, 12, 'ايذه'),
(186, 12, 'شوشتر'),
(187, 12, 'انديمشك'),
(188, 12, 'سوسنگرد'),
(189, 12, 'هويزه'),
(190, 12, 'دزفول'),
(191, 12, 'شادگان'),
(192, 12, 'بندر ماهشهر'),
(193, 12, 'بندر امام خميني'),
(194, 12, 'اميديه'),
(195, 12, 'بهبهان'),
(196, 12, 'رامهرمز'),
(197, 12, 'باغ ملك'),
(198, 12, 'هنديجان'),
(199, 12, 'لالي'),
(200, 12, 'رامشیر'),
(201, 12, 'حمیدیه'),
(202, 12, 'دغاغله'),
(203, 12, 'ملاثانی'),
(204, 12, 'شادگان'),
(205, 12, 'ویسی'),
(206, 13, 'زنجان'),
(207, 13, 'ابهر'),
(208, 13, 'خدابنده'),
(209, 13, 'كارم'),
(210, 13, 'ماهنشان'),
(211, 13, 'خرمدره'),
(212, 13, 'ايجرود'),
(213, 13, 'زرين آباد'),
(214, 13, 'آب بر'),
(215, 13, 'قيدار'),
(216, 14, 'سمنان'),
(217, 14, 'شاهرود'),
(218, 14, 'گرمسار'),
(219, 14, 'ايوانكي'),
(220, 14, 'دامغان'),
(221, 14, 'بسطام'),
(222, 15, 'زاهدان'),
(223, 15, 'چابهار'),
(224, 15, 'خاش'),
(225, 15, 'سراوان'),
(226, 15, 'زابل'),
(227, 15, 'سرباز'),
(228, 15, 'نيكشهر'),
(229, 15, 'ايرانشهر'),
(230, 15, 'راسك'),
(231, 15, 'ميرجاوه'),
(232, 16, 'شيراز'),
(233, 16, 'اقليد'),
(234, 16, 'داراب'),
(235, 16, 'فسا'),
(236, 16, 'مرودشت'),
(237, 16, 'خرم بيد'),
(238, 16, 'آباده'),
(239, 16, 'كازرون'),
(240, 16, 'ممسني'),
(241, 16, 'سپيدان'),
(242, 16, 'لار'),
(243, 16, 'فيروز آباد'),
(244, 16, 'جهرم'),
(245, 16, 'ني ريز'),
(246, 16, 'استهبان'),
(247, 16, 'لامرد'),
(248, 16, 'مهر'),
(249, 16, 'حاجي آباد'),
(250, 16, 'نورآباد'),
(251, 16, 'اردكان'),
(252, 16, 'صفاشهر'),
(253, 16, 'ارسنجان'),
(254, 16, 'قيروكارزين'),
(255, 16, 'سوريان'),
(256, 16, 'فراشبند'),
(257, 16, 'سروستان'),
(258, 16, 'ارژن'),
(259, 16, 'گويم'),
(260, 16, 'داريون'),
(261, 16, 'زرقان'),
(262, 16, 'خان زنیان'),
(263, 16, 'کوار'),
(264, 16, 'ده بید'),
(265, 16, 'باب انار/خفر'),
(266, 16, 'بوانات'),
(267, 16, 'خرامه'),
(268, 16, 'خنج'),
(269, 16, 'سیاخ دارنگون'),
(270, 17, 'قزوين'),
(271, 17, 'تاكستان'),
(272, 17, 'آبيك'),
(273, 17, 'بوئين زهرا'),
(274, 18, 'قم'),
(275, 19, 'طالقان'),
(276, 19, 'نظرآباد'),
(277, 19, 'اشتهارد'),
(278, 19, 'هشتگرد'),
(279, 19, 'كن'),
(280, 19, 'آسارا'),
(281, 19, 'شهرک گلستان'),
(282, 19, 'اندیشه'),
(283, 19, 'كرج'),
(284, 19, 'نظر آباد'),
(285, 19, 'گوهردشت'),
(286, 19, 'ماهدشت'),
(287, 19, 'مشکین دشت'),
(288, 20, 'سنندج'),
(289, 20, 'ديواندره'),
(290, 20, 'بانه'),
(291, 20, 'بيجار'),
(292, 20, 'سقز'),
(293, 20, 'كامياران'),
(294, 20, 'قروه'),
(295, 20, 'مريوان'),
(296, 20, 'صلوات آباد'),
(297, 20, 'حسن آباد'),
(298, 21, 'كرمان'),
(299, 21, 'راور'),
(300, 21, 'بابك'),
(301, 21, 'انار'),
(302, 21, 'کوهبنان'),
(303, 21, 'رفسنجان'),
(304, 21, 'بافت'),
(305, 21, 'سيرجان'),
(306, 21, 'كهنوج'),
(307, 21, 'زرند'),
(308, 21, 'بم'),
(309, 21, 'جيرفت'),
(310, 21, 'بردسير'),
(311, 22, 'كرمانشاه'),
(312, 22, 'اسلام آباد غرب'),
(313, 22, 'سر پل ذهاب'),
(314, 22, 'كنگاور'),
(315, 22, 'سنقر'),
(316, 22, 'قصر شيرين'),
(317, 22, 'گيلان غرب'),
(318, 22, 'هرسين'),
(319, 22, 'صحنه'),
(320, 22, 'پاوه'),
(321, 22, 'جوانرود'),
(322, 22, 'شاهو'),
(323, 23, 'ياسوج'),
(324, 23, 'گچساران'),
(325, 23, 'دنا'),
(326, 23, 'دوگنبدان'),
(327, 23, 'سي سخت'),
(328, 23, 'دهدشت'),
(329, 23, 'ليكك'),
(330, 24, 'گرگان'),
(331, 24, 'آق قلا'),
(332, 24, 'گنبد كاووس'),
(333, 24, 'علي آباد كتول'),
(334, 24, 'مينو دشت'),
(335, 24, 'تركمن'),
(336, 24, 'كردكوي'),
(337, 24, 'بندر گز'),
(338, 24, 'كلاله'),
(339, 24, 'آزاد شهر'),
(340, 24, 'راميان'),
(341, 25, 'رشت'),
(342, 25, 'منجيل'),
(343, 25, 'لنگرود'),
(344, 25, 'رود سر'),
(345, 25, 'تالش'),
(346, 25, 'آستارا'),
(347, 25, 'ماسوله'),
(348, 25, 'آستانه اشرفيه'),
(349, 25, 'رودبار'),
(350, 25, 'فومن'),
(351, 25, 'صومعه سرا'),
(352, 25, 'بندرانزلي'),
(353, 25, 'كلاچاي'),
(354, 25, 'هشتپر'),
(355, 25, 'رضوان شهر'),
(356, 25, 'ماسال'),
(357, 25, 'شفت'),
(358, 25, 'سياهكل'),
(359, 25, 'املش'),
(360, 25, 'لاهیجان'),
(361, 25, 'خشک بيجار'),
(362, 25, 'خمام'),
(363, 25, 'لشت نشا'),
(364, 25, 'بندر کياشهر'),
(365, 26, 'خرم آباد'),
(366, 26, 'ماهشهر'),
(367, 26, 'دزفول'),
(368, 26, 'بروجرد'),
(369, 26, 'دورود'),
(370, 26, 'اليگودرز'),
(371, 26, 'ازنا'),
(372, 26, 'نور آباد'),
(373, 26, 'كوهدشت'),
(374, 26, 'الشتر'),
(375, 26, 'پلدختر'),
(376, 27, 'ساري'),
(377, 27, 'آمل'),
(378, 27, 'بابل'),
(379, 27, 'بابلسر'),
(380, 27, 'بهشهر'),
(381, 27, 'تنكابن'),
(382, 27, 'جويبار'),
(383, 27, 'چالوس'),
(384, 27, 'رامسر'),
(385, 27, 'سواد كوه'),
(386, 27, 'قائم شهر'),
(387, 27, 'نكا'),
(388, 27, 'نور'),
(389, 27, 'بلده'),
(390, 27, 'نوشهر'),
(391, 27, 'پل سفيد'),
(392, 27, 'محمود آباد'),
(393, 27, 'فريدون كنار'),
(394, 28, 'اراك'),
(395, 28, 'آشتيان'),
(396, 28, 'تفرش'),
(397, 28, 'خمين'),
(398, 28, 'دليجان'),
(399, 28, 'ساوه'),
(400, 28, 'سربند'),
(401, 28, 'محلات'),
(402, 28, 'شازند'),
(403, 29, 'بندرعباس'),
(404, 29, 'قشم'),
(405, 29, 'كيش'),
(406, 29, 'بندر لنگه'),
(407, 29, 'بستك'),
(408, 29, 'حاجي آباد'),
(409, 29, 'دهبارز'),
(410, 29, 'انگهران'),
(411, 29, 'ميناب'),
(412, 29, 'ابوموسي'),
(413, 29, 'بندر جاسك'),
(414, 29, 'تنب بزرگ'),
(415, 29, 'بندر خمیر'),
(416, 29, 'پارسیان'),
(417, 29, 'قشم'),
(418, 30, 'همدان'),
(419, 30, 'ملاير'),
(420, 30, 'تويسركان'),
(421, 30, 'نهاوند'),
(422, 30, 'كبودر اهنگ'),
(423, 30, 'رزن'),
(424, 30, 'اسدآباد'),
(425, 30, 'بهار'),
(426, 31, 'يزد'),
(427, 31, 'تفت'),
(428, 31, 'اردكان'),
(429, 31, 'ابركوه'),
(430, 31, 'ميبد'),
(431, 31, 'طبس'),
(432, 31, 'بافق'),
(433, 31, 'مهريز'),
(434, 31, 'اشكذر'),
(435, 31, 'هرات'),
(436, 31, 'خضرآباد'),
(437, 31, 'شاهديه'),
(438, 31, 'حمیدیه شهر'),
(439, 31, 'سید میرزا'),
(440, 31, 'زارچ'),
(441, 14, 'میامی'),
(442, 14, 'بیارجمند'),
(443, 24, 'علی آباد کتول'),
(444, 7, 'پاکدشت'),
(445, 14, 'مجن'),
(446, 14, 'کلاته خیج'),
(447, 11, 'درق'),
(448, 10, 'جغتای'),
(449, 11, 'ایور'),
(450, 14, 'دیباج'),
(451, 14, 'مهدیشهر'),
(452, 9, 'شیروان'),
(453, 14, 'شهمیرزاد');

-- --------------------------------------------------------

--
-- Table structure for table `province`
--

CREATE TABLE `province` (
  `prv_id` int(11) NOT NULL,
  `prv_name` varchar(300) COLLATE utf8_persian_ci NOT NULL
) ENGINE=InnoDB DEFAULT CHARSET=utf8 COLLATE=utf8_persian_ci;

--
-- Dumping data for table `province`
--

INSERT INTO `province` (`prv_id`, `prv_name`) VALUES
(1, 'آذربايجان شرقي'),
(2, 'آذربايجان غربي'),
(3, 'اردبيل'),
(4, 'اصفهان'),
(5, 'ايلام'),
(6, 'بوشهر'),
(7, 'تهران'),
(8, 'چهارمحال بختياري'),
(9, 'خراسان جنوبي'),
(10, 'خراسان رضوي'),
(11, 'خراسان شمالي'),
(12, 'خوزستان'),
(13, 'زنجان'),
(14, 'سمنان'),
(15, 'سيستان و بلوچستان'),
(16, 'فارس'),
(17, 'قزوين'),
(18, 'قم'),
(19, 'کرج'),
(20, 'كردستان'),
(21, 'كرمان'),
(22, 'كرمانشاه'),
(23, 'كهكيلويه و بويراحمد'),
(24, 'گلستان'),
(25, 'گيلان'),
(26, 'لرستان'),
(27, 'مازندران'),
(28, 'مركزي'),
(29, 'هرمزگان'),
(30, 'همدان'),
(31, 'يزد');

-- --------------------------------------------------------

--
-- Table structure for table `sports`
--

CREATE TABLE `sports` (
  `spr_id` int(11) NOT NULL,
  `spr_name` varchar(300) COLLATE utf8_persian_ci NOT NULL
) ENGINE=InnoDB DEFAULT CHARSET=utf8 COLLATE=utf8_persian_ci;

--
-- Dumping data for table `sports`
--

INSERT INTO `sports` (`spr_id`, `spr_name`) VALUES
(1, 'باستانی'),
(2, 'زو'),
(3, 'دومیدانی'),
(4, 'کبدی'),
(5, 'والیبال'),
(6, 'فوتبال'),
(7, 'بسکتبال'),
(8, 'شنا'),
(9, 'بدنسازی');

-- --------------------------------------------------------

--
-- Table structure for table `students`
--

CREATE TABLE `students` (
  `stu_id` int(11) NOT NULL,
  `stu_fisrtname` varchar(300) COLLATE utf8_persian_ci NOT NULL,
  `stu_lastname` varchar(300) COLLATE utf8_persian_ci NOT NULL,
  `stu_ssn` varchar(10) COLLATE utf8_persian_ci NOT NULL,
  `stu_code` varchar(10) COLLATE utf8_persian_ci NOT NULL
) ENGINE=InnoDB DEFAULT CHARSET=utf8 COLLATE=utf8_persian_ci;

--
-- Dumping data for table `students`
--

INSERT INTO `students` (`stu_id`, `stu_fisrtname`, `stu_lastname`, `stu_ssn`, `stu_code`) VALUES
(1, 'david', 'john', '4594545891', '1401001'),
(2, 'rogers', 'paul', '4594545892', '1401002'),
(3, 'david', 'john', '4594545893', '1401003'),
(4, 'maria', 'sanders', '4594545894', '1401004'),
(5, 'morris', 'miller', '4594545895', '1401005'),
(6, 'daniel', 'michael', '4594545896', '1401006'),
(7, 'sanders', 'paul', '4594545897', '1401007'),
(8, 'mark', 'mike', '4594545898', '1401008'),
(9, 'morgan', 'maria', '4594545899', '1401009'),
(10, 'paul', 'miller', '4594545900', '1401010'),
(11, 'david', 'miller', '4594545901', '1401011'),
(12, 'chrishaydon', 'bell', '4594545902', '1401012'),
(13, 'michael', 'brown', '4594545903', '1401013'),
(14, 'morgan', 'james', '4594545904', '1401014'),
(15, 'rogers', 'chrishaydon', '4594545905', '1401015'),
(16, 'morgan', 'wright', '4594545906', '1401016'),
(17, 'morgan', 'wright', '4594545907', '1401017'),
(18, 'david', 'ross', '4594545908', '1401018'),
(19, 'maria', 'morgan', '4594545909', '1401019'),
(20, 'mike', 'bell', '4594545910', '1401020'),
(21, 'miller', 'michael', '4594545911', '1401021'),
(22, 'ross', 'rogers', '4594545912', '1401022'),
(23, 'brooks', 'mike', '4594545913', '1401023'),
(24, 'miller', 'daniel', '4594545914', '1401024'),
(25, 'mike', 'wright', '4594545915', '1401025'),
(26, 'wright', 'smith', '4594545916', '1401026'),
(27, 'david', 'morgan', '4594545917', '1401027'),
(28, 'smith', 'bell', '4594545918', '1401028'),
(29, 'paul', 'wright', '4594545919', '1401029'),
(30, 'michael', 'james', '4594545920', '1401030'),
(31, 'michael', 'sanders', '4594545921', '1401031'),
(32, 'john', 'rivera', '4594545922', '1401032'),
(33, 'paul', 'michael', '4594545923', '1401033'),
(34, 'ross', 'mark', '4594545924', '1401034'),
(35, 'brooks', 'smith', '4594545925', '1401035'),
(36, 'cooper', 'brown', '4594545926', '1401036'),
(37, 'ross', 'daniel', '4594545927', '1401037'),
(38, 'cooper', 'miller', '4594545928', '1401038'),
(39, 'jenny09', 'maria', '4594545929', '1401039'),
(40, 'paul', 'rivera', '4594545930', '1401040'),
(41, 'maria', 'sanders', '4594545931', '1401041'),
(42, 'bell', 'david', '4594545932', '1401042'),
(43, 'rivera', 'cooper', '4594545933', '1401043'),
(44, 'mark', 'david', '4594545934', '1401044'),
(45, 'paul', 'cooper', '4594545935', '1401045'),
(46, 'brooks', 'david', '4594545936', '1401046'),
(47, 'james', 'maria', '4594545937', '1401047'),
(48, 'john', 'mark', '4594545938', '1401048'),
(49, 'rivera', 'jenny09', '4594545939', '1401049'),
(50, 'chrishaydon', 'sanders', '4594545940', '1401050'),
(51, 'bell', 'david', '4594545941', '1401051'),
(52, 'morris', 'brooks', '4594545942', '1401052'),
(53, 'cooper', 'mark', '4594545943', '1401053'),
(54, 'james', 'brooks', '4594545944', '1401054'),
(55, 'brooks', 'morris', '4594545945', '1401055'),
(56, 'morgan', 'sanders', '4594545946', '1401056'),
(57, 'rivera', 'cooper', '4594545947', '1401057'),
(58, 'bell', 'john', '4594545948', '1401058'),
(59, 'wright', 'brown', '4594545949', '1401059'),
(60, 'wright', 'sanders', '4594545950', '1401060'),
(61, 'smith', 'michael', '4594545951', '1401061'),
(62, 'bell', 'rivera', '4594545952', '1401062'),
(63, 'rivera', 'david', '4594545953', '1401063'),
(64, 'brooks', 'wright', '4594545954', '1401064'),
(65, 'chrishaydon', 'brown', '4594545955', '1401065'),
(66, 'michael', 'sanders', '4594545956', '1401066'),
(67, 'daniel', 'mark', '4594545957', '1401067'),
(68, 'bell', 'michael', '4594545958', '1401068'),
(69, 'brown', 'bell', '4594545959', '1401069'),
(70, 'rogers', 'john', '4594545960', '1401070'),
(71, 'paul', 'smith', '4594545961', '1401071'),
(72, 'john', 'ross', '4594545962', '1401072'),
(73, 'wright', 'brooks', '4594545963', '1401073'),
(74, 'brooks', 'brown', '4594545964', '1401074'),
(75, 'brown', 'morgan', '4594545965', '1401075'),
(76, 'chrishaydon', 'brown', '4594545966', '1401076'),
(77, 'mark', 'smith', '4594545967', '1401077'),
(78, 'brooks', 'ross', '4594545968', '1401078'),
(79, 'jenny09', 'morris', '4594545969', '1401079'),
(80, 'morgan', 'maria', '4594545970', '1401080'),
(81, 'rogers', 'brooks', '4594545971', '1401081'),
(82, 'rivera', 'brown', '4594545972', '1401082'),
(83, 'wright', 'maria', '4594545973', '1401083'),
(84, 'mike', 'brooks', '4594545974', '1401084'),
(85, 'sanders', 'mike', '4594545975', '1401085'),
(86, 'james', 'jenny09', '4594545976', '1401086'),
(87, 'jenny09', 'bell', '4594545977', '1401087'),
(88, 'chrishaydon', 'mark', '4594545978', '1401088'),
(89, 'sanders', 'chrishaydon', '4594545979', '1401089'),
(90, 'bell', 'paul', '4594545980', '1401090'),
(91, 'michael', 'maria', '4594545981', '1401091'),
(92, 'brown', 'paul', '4594545982', '1401092'),
(93, 'john', 'ross', '4594545983', '1401093'),
(94, 'morris', 'chrishaydon', '4594545984', '1401094'),
(95, 'wright', 'brown', '4594545985', '1401095'),
(96, 'miller', 'morris', '4594545986', '1401096'),
(97, 'chrishaydon', 'morgan', '4594545987', '1401097'),
(98, 'cooper', 'maria', '4594545988', '1401098'),
(99, 'miller', 'cooper', '4594545989', '1401099'),
(100, 'bell', 'mike', '4594545990', '1401100'),
(101, 'admin', 'admin', '4591111111', '4591111111');

-- --------------------------------------------------------

--
-- Table structure for table `users`
--

CREATE TABLE `users` (
  `usr_id` int(11) NOT NULL,
  `usr_birthdate` varchar(10) COLLATE utf8_persian_ci NOT NULL,
  `usr_provinceid` int(11) NOT NULL,
  `usr_cityid` int(11) NOT NULL,
  `usr_email` varchar(300) COLLATE utf8_persian_ci NOT NULL,
  `usr_phone` varchar(10) COLLATE utf8_persian_ci NOT NULL
) ENGINE=InnoDB DEFAULT CHARSET=utf8 COLLATE=utf8_persian_ci;

--
-- Dumping data for table `users`
--

INSERT INTO `users` (`usr_id`, `usr_birthdate`, `usr_provinceid`, `usr_cityid`, `usr_email`, `usr_phone`) VALUES
(1, '1671541267', 3, 52, 'zahramaesoumi@yahoo.com', '9125481212'),
(2, '1672232530', 11, 177, 'zahramaesoumi@yahoo.com', '9124733411'),
(3, '1672751017', 4, 64, 'Naderifa24@gmail.com', '9125481212');

--
-- Indexes for dumped tables
--

--
-- Indexes for table `answers`
--
ALTER TABLE `answers`
  ADD PRIMARY KEY (`ans_id`);

--
-- Indexes for table `answers_qus2`
--
ALTER TABLE `answers_qus2`
  ADD PRIMARY KEY (`anq_id`);

--
-- Indexes for table `city`
--
ALTER TABLE `city`
  ADD PRIMARY KEY (`cit_id`);

--
-- Indexes for table `province`
--
ALTER TABLE `province`
  ADD PRIMARY KEY (`prv_id`);

--
-- Indexes for table `sports`
--
ALTER TABLE `sports`
  ADD PRIMARY KEY (`spr_id`);

--
-- Indexes for table `students`
--
ALTER TABLE `students`
  ADD PRIMARY KEY (`stu_id`);

--
-- Indexes for table `users`
--
ALTER TABLE `users`
  ADD PRIMARY KEY (`usr_id`);

--
-- AUTO_INCREMENT for dumped tables
--

--
-- AUTO_INCREMENT for table `answers`
--
ALTER TABLE `answers`
  MODIFY `ans_id` int(11) NOT NULL AUTO_INCREMENT, AUTO_INCREMENT=4;

--
-- AUTO_INCREMENT for table `answers_qus2`
--
ALTER TABLE `answers_qus2`
  MODIFY `anq_id` int(11) NOT NULL AUTO_INCREMENT, AUTO_INCREMENT=6;

--
-- AUTO_INCREMENT for table `city`
--
ALTER TABLE `city`
  MODIFY `cit_id` int(11) NOT NULL AUTO_INCREMENT, AUTO_INCREMENT=454;

--
-- AUTO_INCREMENT for table `province`
--
ALTER TABLE `province`
  MODIFY `prv_id` int(11) NOT NULL AUTO_INCREMENT, AUTO_INCREMENT=32;

--
-- AUTO_INCREMENT for table `sports`
--
ALTER TABLE `sports`
  MODIFY `spr_id` int(11) NOT NULL AUTO_INCREMENT, AUTO_INCREMENT=10;

--
-- AUTO_INCREMENT for table `students`
--
ALTER TABLE `students`
  MODIFY `stu_id` int(11) NOT NULL AUTO_INCREMENT, AUTO_INCREMENT=102;

--
-- AUTO_INCREMENT for table `users`
--
ALTER TABLE `users`
  MODIFY `usr_id` int(11) NOT NULL AUTO_INCREMENT, AUTO_INCREMENT=4;
COMMIT;

/*!40101 SET CHARACTER_SET_CLIENT=@OLD_CHARACTER_SET_CLIENT */;
/*!40101 SET CHARACTER_SET_RESULTS=@OLD_CHARACTER_SET_RESULTS */;
/*!40101 SET COLLATION_CONNECTION=@OLD_COLLATION_CONNECTION */;
